Wall time,Step,Value
1571746665.687825,0,0.8211027979850769
1571746911.762923,1,0.9375741481781006
1571747157.328334,2,0.9417828321456909
1571747401.48653,3,0.9407631158828735
1571751755.60079,4,0.9365915060043335
1571752001.300551,5,0.9371662735939026
1571752245.072419,6,0.9342554211616516
1571752484.091611,7,0.9544830918312073
1571752723.326772,8,0.9563556909561157
1571752962.495449,9,0.9576164484024048
1571753201.604057,10,0.9635123014450073
1571753440.536325,11,0.9651438593864441
1571753679.506931,12,0.9648657441139221
1571753918.486685,13,0.9653849005699158
1571754157.346166,14,0.9673687219619751
1571754396.457823,15,0.9663119316101074
1571754635.480601,16,0.9666827321052551
1571754874.525722,17,0.9672574996948242
1571755113.354429,18,0.9685553312301636
1571755352.553578,19,0.9678322672843933
1571755592.014503,20,0.9680361747741699
1571755831.572916,21,0.966256320476532
1571756070.36237,22,0.9675726890563965
1571756310.443796,23,0.9670535326004028
1571756549.74928,24,0.9691857099533081
1571756788.76531,25,0.9693340063095093
1571757027.599556,26,0.9679991006851196
1571757267.26153,27,0.9677765965461731
1571757506.915682,28,0.966942310333252
1571757745.833581,29,0.9678693413734436
